"","site","beaver_territory","A_floodplain_km2","A_beaver_km2","date","time","season","DOC_input","DOC_out","delta_DOC","D_beaver_km2","D_catchment_km2"
"1","2655600_1244700",49,0.492648954808955,0.01281765,"2022-07-13","11:30:00","summer",0.9733,1.226,0.2527,19.715002360027,-1.12595387564581
"2","2655600_1244700",49,0.492648954808955,0.01281765,"2022-05-02","20:00:00","winter",1.528,2.001,0.473,36.9022402702523,-1.12595387564581
"3","AA02_1",52,1.40143770781341,0.01294339,"2022-07-14","10:15:00","summer",2.871,2.916,0.0449999999999999,3.4766780572941,-0.160549412039909
"4","AA02_1",52,1.40143770781341,0.01294339,"2022-03-19","13:05:00","winter",3.096,3.291,0.195,15.0656049149411,-0.160549412039909
"5","AA02_3",51,0.42117552726118,0.01915623,"2022-07-13","14:15:00","summer",0.8395,0.715,-0.1245,-6.49919112476724,-0.312933661784836
"6","AA02_3",51,0.42117552726118,0.01915623,"2022-03-19","12:30:00","winter",0.9713,0.7098,-0.2615,-13.6509114789288,-0.312933661784836
"7","AA03_1",53,0.546749092097669,0.0333292,"2022-07-14","11:00:00","summer",1.009,1.153,0.144,4.32053574643256,-0.182899252043269
"8","AA03_1",53,0.546749092097669,0.0333292,"2022-03-19","12:00:00","winter",1.109,0.9074,-0.2016,-6.04875004500558,-0.182899252043269
"9","AA03_2",54,0.0134349291408724,7.005e-05,"2022-07-14","12:00:00","summer",1.068,1.121,0.0529999999999999,756.602426837972,-20.3945995640888
"10","AA03_2",54,0.0134349291408724,7.005e-05,"2022-03-19","10:50:00","winter",1.342,1.274,-0.0680000000000001,-970.735189150608,-20.3945995640888
"11","AA06",48,1.75651644218288,0.02735209,"2022-07-13","09:45:00","summer",1.004,0.6949,-0.3091,-11.3007817684133,0.0586387906918756
"12","AA06",48,1.75651644218288,0.02735209,"2022-01-23","16:50:00","winter",0.901,0.8452,-0.0558000000000002,-2.04006348326582,0.0586387906918756
"13","AA07",47,0.107646208773846,0.02867019,"2022-07-13","09:30:00","summer",0.6724,0.7975,0.1251,4.36341719395651,-3.87008520546446
"14","AA07",47,0.107646208773846,0.02867019,"2022-03-26","07:30:00","winter",1.089,1.078,-0.0109999999999999,-0.38367377404893,-3.87008520546446
"15","AB01",129,0.6700765289755,0.00145196,"2022-07-01","17:00:00","summer",2.31847470092583,2.35918067092652,0.0407059700006887,28.0351869202242,0.543929961974771
"16","AB01",129,0.6700765289755,0.00145196,"2022-03-22","15:30:00","winter",1.954,2.103,0.149,102.619906884487,0.543929961974771
"17","ABB02",60,7.56438887325306,0.0285377,"2022-07-15","13:15:00","summer",2.107,3.148,1.041,36.4780623526073,-0.160885435742627
"18","ABB02",60,7.56438887325306,0.0285377,"2022-04-20","13:05:00","winter",3.324,3.507,0.183,6.41257003893096,-0.160885435742627
"19","AEB01",24,2.17829197954917,0.00189024,"2022-07-06","17:30:00","summer",2.562,2.738,0.176,93.1098696461825,1.17615086685039
"20","AEB01",24,2.17829197954917,0.00189024,"2021-12-27","12:40:00","winter",0,0,0,0,1.17615086685039
"21","AEG01_1",12,4.45768140205594,0.01480997,"2022-07-05","09:45:00","summer",5.719,6.432,0.713,48.1432440443836,0.406265014625034
"22","AEG01_1",12,4.45768140205594,0.01480997,"2022-01-19","15:00:00","winter",3.908,3.532,-0.376,-25.3883026096609,0.406265014625034
"23","AEG01_1_B",107,0.463779066952094,0.0593655,"2022-07-22","12:05:00","summer",3.78536477112321,4.83920627142569,1.05384150030248,17.75174975874,2.68741057959814
"24","AEG01_1_B",107,0.463779066952094,0.0593655,"2021-12-15","10:30:00","winter",2.539,4.808,2.269,38.2208521784538,2.68741057959814
"25","AEG01_2",13,6.34062864477519,0.00612332,"2022-07-05","10:45:00","summer",1.958,2.214,0.256,41.8073855359511,0.0785411081297692
"26","AEG01_2",13,6.34062864477519,0.00612332,"2022-01-19","16:30:00","winter",1.46,1.486,0.026,4.24606259349503,0.0785411081297692
"27","AEG01_2_B",108,33.4130903965026,0.00885069,"2022-07-22","13:05:00","summer",4.41568332492177,4.2069013712442,-0.20878195367757,-23.5893420374649,0.0299189124100418
"28","AEG01_2_B",108,33.4130903965026,0.00885069,"2021-12-16","11:00:00","winter",3.416,3.314,-0.102,-11.5245252065093,0.0299189124100418
"29","AG01",140,0.052546916437503,0.00278041,"2022-07-11","17:15:00","summer",3.072,3.038,-0.0340000000000003,-12.2284123564511,1.7888775664277
"30","AG01",140,0.052546916437503,0.00278041,"2022-04-14","10:55:00","winter",2.978,4.177,1.199,431.231365158376,1.7888775664277
"31","AGWI01",56,0.132466588893312,0.00664785,"2022-07-14","15:00:00","summer",3.263,2.159,-1.104,-166.068728987567,15.0302051002728
"32","AGWI01",56,0.132466588893312,0.00664785,"2022-03-26","17:25:00","winter",1.272,1.417,0.145,21.811563136954,15.0302051002728
"33","AL01",95,0.418044480378027,0.00168856,"2022-07-25","14:00:00","summer",1.326,2.117,0.791,468.446486947458,-0.758292514024692
"34","AL01",95,0.418044480378027,0.00168856,"2022-03-18","12:00:00","winter",1.643,3.887,2.244,1328.94300469039,-0.758292514024692
"35","AM01",125,4.26352770895367,9.168e-05,"2022-07-20","13:30:00","summer",7.79172047037448,8.0871237206016,0.295403250227113,3222.11224069713,0.156846751334611
"36","AM01",125,4.26352770895367,9.168e-05,"2022-03-23","16:00:00","winter",7.123,7.337,0.213999999999998,2334.20593368235,0.156846751334611
"37","AP03",87,13.0739691080408,0.00136313,"2022-07-22","11:45:00","summer",3.78,5.605,1.825,1338.83048572036,0.105094328175746
"38","AP03",87,13.0739691080408,0.00136313,"2022-03-13","12:00:00","winter",2.406,2.423,0.0169999999999999,12.4712976752033,0.105094328175746
"39","AR03",104,11.1670356433359,0.0009215,"2022-06-15","08:30:00","summer",4.27927651757188,4.73440525778458,0.455128740212699,493.899880860227,0.0157854352042904
"40","AR03",104,11.1670356433359,0.0009215,"2022-03-24","12:00:00","winter",4.103,4.016,-0.0869999999999997,-94.4112859468255,0.0157854352042904
"41","ATB10_2",112,4.5480960780692,0.0133033,"2022-07-19","13:30:00","summer",2.03839050166549,3.33572573099415,1.29733522932866,97.5198055616772,-0.033334717589975
"42","ATB10_2",112,4.5480960780692,0.0133033,"2022-02-04","11:30:00","winter",2.19,1.437,-0.753,-56.6024971247736,-0.033334717589975
"43","ATB10_3",113,0.346606036418121,0.00353801,"2022-07-19","12:00:00","summer",3.2622039668921,2.68936961080863,-0.572834356083467,-161.908631146737,4.67159771256496
"44","ATB10_3",113,0.346606036418121,0.00353801,"2022-02-04","13:00:00","winter",1.643,1.53,-0.113,-31.938858284742,4.67159771256496
"45","BBN01",45,9.87279536114346,0.00211588,"2022-07-11","16:00:00","summer",2.377,3.849,1.472,695.691627124412,0.0717122126106744
"46","BBN01",45,9.87279536114346,0.00211588,"2022-04-30","09:15:00","winter",1.669,1.65,-0.0190000000000001,-8.97971529576351,0.0717122126106744
"47","BBS02",40,3.25080679572945,0.00695765,"2022-07-11","10:45:00","summer",1.711,1.657,-0.054,-7.76124122368903,-0.015996029068326
"48","BBS02",40,3.25080679572945,0.00695765,"2022-03-27","11:43:00","winter",1.763,1.696,-0.067,-9.62968818494751,-0.015996029068326
"49","BF01",114,3.79982443636924,0.0021072,"2022-07-06","16:00:00","summer",1.29414081632653,3.21623994169096,1.92209912536443,912.157899280766,-0.00417366221493739
"50","BF01",114,3.79982443636924,0.0021072,"2022-02-06","10:00:00","winter",1.31,1.275,-0.0350000000000001,-16.6097190584663,-0.00417366221493739
"51","BI01",102,0.313350549531903,0.0029444,"2022-06-14","09:30:00","summer",3.16936186830015,3.21204486983155,0.0426830015313939,14.4963325402099,4.83599556651126
"52","BI01",102,0.313350549531903,0.0029444,"2022-04-19","08:00:00","winter",1.654,1.616,-0.0379999999999998,-12.9058551827197,4.83599556651126
"53","BI02",141,1.40090849835903,0.11154173,"2022-07-14","16:00:00","summer",2.311,4.662,2.351,21.0773133965199,0.0913692793997141
"54","BI02",141,1.40090849835903,0.11154173,"2022-04-19","08:35:00","winter",2.183,3.042,0.859,7.70115363998747,0.0913692793997141
"55","BIB02",90,0.125031058265582,0.00370897,"2022-07-25","13:30:00","summer",1.792,1.491,-0.301,-81.1546062653513,3.69508189732069
"56","BIB02",90,0.125031058265582,0.00370897,"2022-03-12","17:45:00","winter",1.33,1.322,-0.00800000000000001,-2.15693305688642,3.69508189732069
"57","BK02",2,0.999164847671413,1.497e-05,"2022-07-01","11:45:00","summer",6.036,5.52,-0.516,-34468.9378757515,4.75096778180602
"58","BK02",2,0.999164847671413,1.497e-05,"2022-01-31","10:15:00","winter",1.289,1.268,-0.0209999999999999,-1402.80561122244,4.75096778180602
"59","BM03",1,2.21513464295294,0.00095975,"2022-07-01","10:45:00","summer",4.274,3.831,-0.443,-461.578536077103,1.4932275157733
"60","BM03",1,2.21513464295294,0.00095975,"2022-03-08","13:04:00","winter",0.9663,0.8332,-0.1331,-138.681948424069,1.4932275157733
"61","BR01",32,0.89566923388617,0.07251072,"2022-07-08","10:30:00","summer",4.681,4.11,-0.571,-7.87469769987114,1.77520890507898
"62","BR01",32,0.89566923388617,0.07251072,"2022-03-08","11:30:00","winter",3.091,3.084,-0.00700000000000012,-0.0965374499108562,1.77520890507898
"63","BY01",130,0.231343121898159,9.019e-05,"2022-07-07","19:30:00","summer",6.80894876240323,4.90948305528296,-1.89946570712027,-21060.7130182977,11.6232059995583
"64","BY01",130,0.231343121898159,9.019e-05,"2022-03-23","10:00:00","winter",4.12,3.918,-0.202,-2239.71615478434,11.6232059995583
"65","CA01",58,0.399271299489961,0.00143913,"2022-07-15","12:15:00","summer",3.295,5.087,1.792,1245.19675081473,3.95971361332409
"66","CA01",58,0.399271299489961,0.00143913,"2021-11-25","10:45:00","winter",1.714,1.719,0.00500000000000012,3.47432129133582,3.95971361332409
"67","CB01",10,10.9969714384016,0.0035067,"2022-07-04","15:15:00","summer",8.15,5.555,-2.595,-740.011977072461,0.589980617512909
"68","CB01",10,10.9969714384016,0.0035067,"2022-01-15","12:00:00","winter",1.662,1.482,-0.18,-51.3303105483788,0.589980617512909
"69","CDS02",120,1.20647013686308,0.00296834,"2022-07-27","10:30:00","summer",0.7116,1.273,0.5614,189.129277643397,0.0812286993317612
"70","CDS02",120,1.20647013686308,0.00296834,"2022-03-01","15:45:00","winter",0.6136,0.6119,-0.00170000000000003,-0.572710673305629,0.0812286993317612
"71","CH02",132,1.70499346664272,0.00947191,"2022-07-11","15:00:00","summer",3.092,3.463,0.371,39.1684464907289,0.682114050730088
"72","CH02",132,1.70499346664272,0.00947191,"2022-03-10","09:00:00","winter",1.929,1.785,-0.144,-15.2028471554312,0.682114050730088
"73","CH03",106,3.70851356722278,0.00282775,"2022-06-15","15:40:00","summer",4.84095883699157,5.35063434504792,0.50967550805635,180.240653543047,0.727234453401571
"74","CH03",106,3.70851356722278,0.00282775,"2022-03-10","10:30:00","winter",2.144,2.037,-0.107,-37.839271505614,0.727234453401571
"75","CH04",109,4.45211956976336,0.0037323,"2022-07-11","12:00:00","summer",3.508,3.354,-0.154,-41.2614205717654,0.787939305095182
"76","CH04",109,4.45211956976336,0.0037323,"2022-01-15","12:45:00","winter",0,0,0,0,0.787939305095182
"77","CR02",127,2.86136996341503,0.00309626,"2022-07-07","15:30:00","summer",2.12866526005888,2.33200064475214,0.203335384693259,65.6712888107779,0.0376271721012903
"78","CR02",127,2.86136996341503,0.00309626,"2022-03-28","14:20:00","winter",2.021,1.777,-0.244,-78.8047515389534,0.0376271721012903
"79","CRA02",101,0.960930406209053,0.003942,"2022-06-13","16:30:00","summer",5.37465028075549,4.71048551960886,-0.664164761146624,-168.484211351249,1.65324176495033
"80","CRA02",101,0.960930406209053,0.003942,"2022-02-19","14:50:00","winter",3.786,3.777,-0.0089999999999999,-2.28310502283103,1.65324176495033
"81","CRB01",103,0.236983967769141,0.00108748,"2022-06-14","10:00:00","summer",3.21204486983155,2.50693615936752,-0.705108710464024,-648.38775008646,8.49443482941667
"82","CRB01",103,0.236983967769141,0.00108748,"2022-03-09","15:30:00","winter",1.199,1.211,0.012,11.0346856953691,8.49443482941667
"83","CX01",99,1.10253794472982,0.00706942,"2022-06-13","13:55:00","summer",3.9661112302195,4.93359259826442,0.96748136804492,136.85441918077,1.48485704101611
"84","CX01",99,1.10253794472982,0.00706942,"2022-04-14","13:20:00","winter",2.329,2.549,0.22,31.1199504344062,1.48485704101611
"85","CX03_2",147,5.4415761286574,0.03390467,"2022-08-03","14:15:00","summer",3.733,3.577,-0.156,-4.60113606768625,0.12661772686988
"86","CX03_2",147,5.4415761286574,0.03390467,"2022-04-29","12:50:00","winter",3.044,2.878,-0.166,-4.89608068740973,0.12661772686988
"87","CX03_3",148,4.59235150242078,0.07540908,"2022-08-03","11:45:00","summer",3.147,3.761,0.614,8.14225554800562,0.0224285967539081
"88","CX03_3",148,4.59235150242078,0.07540908,"2022-04-29","15:15:00","winter",3.044,3.014,-0.0300000000000002,-0.397830075635457,0.0224285967539081
"89","CZ01_1",63,0.187560755588395,0.00070926,"2022-07-18","13:45:00","summer",1.027,0.911,-0.116,-163.550743027945,-4.76112392061217
"90","CZ01_1",63,0.187560755588395,0.00070926,"2022-01-15","10:42:00","winter",1.92,1.678,-0.242,-341.200688041057,-4.76112392061217
"91","CZ01_2",64,0.190076444334428,0.00027279,"2022-07-18","14:15:00","summer",1.288,2.605,1.317,4827.88958539536,-4.12991732220559
"92","CZ01_2",64,0.190076444334428,0.00027279,"2022-01-22","12:07:00","winter",2.073,2.109,0.036,131.969646981194,-4.12991732220559
"93","DB04",89,5.66687346114169,0.0387905,"2022-07-22","14:30:00","summer",1.64,1.447,-0.193,-4.97544501875459,0.122342594157789
"94","DB04",89,5.66687346114169,0.0387905,"2022-01-25","12:00:00","winter",0.9467,0.99,0.0432999999999998,1.11625269073613,0.122342594157789
"95","DBW01",94,0.546483246230422,0.00445458,"2022-07-25","11:45:00","summer",1.762,1.812,0.05,11.2244027495297,0.810637843073438
"96","DBW01",94,0.546483246230422,0.00445458,"2022-03-14","11:00:00","winter",1.319,1.554,0.235,52.7546929227896,0.810637843073438
"97","EC01",100,3.95419553081116,0.0318117,"2022-06-13","15:15:00","summer",3.39700454313425,3.19781720265442,-0.199187340479837,-6.26144910456961,0.425372121845782
"98","EC01",100,3.95419553081116,0.0318117,"2022-04-14","14:50:00","winter",1.715,1.863,0.148,4.65237632694889,0.425372121845782
"99","EG01",46,0.742412509527383,0.0367126,"2022-07-11","17:00:00","summer",1.44,2.612,1.172,31.9236447432217,-0.911891962099313
"100","EG01",46,0.742412509527383,0.0367126,"2022-04-30","21:05:00","winter",2.117,2.646,0.529,14.4092219020173,-0.911891962099313
"101","FFG01",128,0.285972211568536,0.0003201,"2022-07-20","11:15:00","summer",11.1622552732406,9.39533811446452,-1.76691715877605,-5519.89115518916,7.02954759909889
"102","FFG01",128,0.285972211568536,0.0003201,"2022-03-23","11:00:00","winter",9.152,7.819,-1.333,-4164.32364885973,7.02954759909889
"103","FIB02",98,2.00642599872223,0.00376627,"2022-07-25","16:30:00","summer",2.02,2.008,-0.012,-3.1861762433389,0.200854654124621
"104","FIB02",98,2.00642599872223,0.00376627,"2021-12-21","11:00:00","winter",1.617,0.9375,-0.6795,-180.417229779065,0.200854654124621
"105","FOB01_2",37,4.84327270409331,0.00959182,"2022-07-08","16:45:00","summer",5.524,6.536,1.012,105.506567054011,0.498010363521651
"106","FOB01_2",37,4.84327270409331,0.00959182,"2022-03-11","13:30:00","winter",3.112,3.198,0.0859999999999999,8.96597308957006,0.498010363521651
"107","FOB01_3",38,0.809365206572881,0.00779196,"2022-07-08","17:15:00","summer",4.237,3.505,-0.732,-93.9429873869989,3.04559669724082
"108","FOB01_3",38,0.809365206572881,0.00779196,"2022-03-11","16:30:00","winter",1.772,2.401,0.629,80.7242336972982,3.04559669724082
"109","GB08",117,16.9291479895658,0.00229177,"2022-07-19","16:00:00","summer",1.06777982234783,1.77604031054648,0.708260488198646,309.045186994614,-0.225659329105443
"110","GB08",117,16.9291479895658,0.00229177,"2022-02-25","16:40:00","winter",4.888,4.898,0.00999999999999979,4.3634396121774,-0.225659329105443
"111","GB13",116,0.480820219749328,0.02135958,"2022-07-08","15:00:00","summer",0.465919241982507,1.91592510086141,1.4500058588789,67.8855042505002,-1.04754487712701
"112","GB13",116,0.480820219749328,0.02135958,"2022-02-26","16:50:00","winter",0.9696,0.9123,-0.0573,-2.68263701814362,-1.04754487712701
"113","GC01",110,0.679760080232018,0.00659242,"2022-06-30","14:30:00","summer",5.00279089456869,4.96104968051118,-0.0417412140575086,-6.33169823183423,3.32586593463539
"114","GC01",110,0.679760080232018,0.00659242,"2022-02-01","16:15:00","winter",2.742,2.606,-0.136,-20.6297535654585,3.32586593463539
"115","GF04",33,5.0035581625829,0.00348151,"2022-07-08","11:30:00","summer",3.66,3.554,-0.106,-30.4465591079733,0.371935318733125
"116","GF04",33,5.0035581625829,0.00348151,"2022-03-08","13:00:00","winter",1.799,1.859,0.06,17.2339013818717,0.371935318733125
"117","GL04_1",17,0.470078109105104,0.00733508,"2022-07-06","10:00:00","summer",3.676,3.455,-0.221,-30.1291874117256,-0.497789612976171
"118","GL04_1",17,0.470078109105104,0.00733508,"2022-04-26","15:50:00","winter",3.91,3.745,-0.165,-22.494642185225,-0.497789612976171
"119","GL04_2",18,1.20199980073171,0.00591716,"2022-07-06","09:30:00","summer",3.639,3.52,-0.119,-20.11099919556,-0.16306159109235
"120","GL04_2",18,1.20199980073171,0.00591716,"2022-04-26","14:45:00","winter",3.835,4.005,0.17,28.7299988508,-0.16306159109235
"121","GR01",149,15.3236500079421,0.0200954,"2022-07-26","10:00:00","summer",5.971,7.086,1.115,55.4853349522776,0.142133238417163
"122","GR01",149,15.3236500079421,0.0200954,"2022-04-27","17:20:00","winter",3.793,3.898,0.105,5.2250763856405,0.142133238417163
"123","GS09",19,1.29645446560738,0.0100864,"2022-07-06","11:15:00","summer",3.448,6.509,3.061,303.477950507614,1.14851700503219
"124","GS09",19,1.29645446560738,0.0100864,"2022-03-19","16:45:00","winter",1.959,3.927,1.968,195.11421319797,1.14851700503219
"125","GW02",39,34.961955573588,0.12638509,"2022-07-08","14:30:00","summer",3.736,4.124,0.387999999999999,3.06998238478921,0.0459928506177373
"126","GW02",39,34.961955573588,0.12638509,"2022-03-08","14:30:00","winter",2.128,2.13,0.00199999999999978,0.0158246514679839,0.0459928506177373
"127","GW05",35,3.47112765143826,0.11755443,"2022-07-08","13:30:00","summer",3.562,2.294,-1.268,-10.7864926910879,0.441643222013112
"128","GW05",35,3.47112765143826,0.11755443,"2022-03-11","10:00:00","winter",2.029,1.786,-0.243,-2.06712754253498,0.441643222013112
"129","HEUD02",50,0.885373539505772,0.01021988,"2022-07-13","13:30:00","summer",1.422,2.033,0.611,59.7854377937901,-0.129888679600923
"130","HEUD02",50,0.885373539505772,0.01021988,"2022-03-03","16:15:00","winter",1.537,1.534,-0.00299999999999989,-0.293545521082429,-0.129888679600923
"131","HMK01",115,2.29777548915501,0.00089701,"2022-07-06","14:30:00","summer",2.32620969359939,3.05997172011662,0.733762026517229,818.008747413328,-0.0760693580489397
"132","HMK01",115,2.29777548915501,0.00089701,"2022-02-20","08:50:00","winter",2.501,2.312,-0.189,-210.699992196297,-0.0760693580489397
"133","HOB01",59,0.432375329906038,0.00031285,"2022-07-15","13:00:00","summer",2.298,2.392,0.0939999999999999,300.46348090139,0.296039091841379
"134","HOB01",59,0.432375329906038,0.00031285,"2021-11-25","13:30:00","winter",2.17,2.223,0.0529999999999999,169.41026050823,0.296039091841379
"135","HR05",80,2.05692479906263,0.01226421,"2022-07-21","08:45:00","summer",1.114,1.037,-0.0770000000000002,-6.27843130540004,-0.0505609150355882
"136","KP01",20,0.622389003705855,0.01575465,"2022-07-06","13:00:00","summer",3.794,4.347,0.553,35.1007480331204,1.82040491276974
"137","KP01",20,0.622389003705855,0.01575465,"2022-01-27","15:30:00","winter",2.661,2.685,0.024,1.52335976997267,1.82040491276974
"138","LA04",27,22.265199515797,0.0128978,"2022-07-07","11:45:00","summer",3.969,4.415,0.446,34.579540696863,0.0665612719503605
"139","LA04",27,22.265199515797,0.0128978,"2022-01-16","15:00:00","winter",2.487,2.549,0.0619999999999998,4.8070213524787,0.0665612719503605
"140","LAB01",4,0.580257769842468,0.01510087,"2022-07-01","15:30:00","summer",6.033,6.052,0.0189999999999992,1.25820565305172,6.14382122098572
"141","LAB01",4,0.580257769842468,0.01510087,"2022-02-05","09:10:00","winter",2.468,2.475,0.00700000000000012,0.463549451124347,6.14382122098572
"142","LAN02",93,12.3079867930422,0.00545227,"2022-07-25","10:00:00","summer",2.719,5.953,3.234,593.147441340946,0.0905103343651419
"143","LAN02",93,12.3079867930422,0.00545227,"2022-03-14","17:45:00","winter",1.605,2.1,0.495,90.7878736746346,0.0905103343651419
"144","LOCH01",43,0.137590896457362,0.02935292,"2022-07-11","14:30:00","summer",1.312,1.561,0.249,8.48297205184356,0.174430144856549
"145","LOCH01",43,0.137590896457362,0.02935292,"2022-03-20","14:15:00","winter",1.288,1.44,0.152,5.17836044931816,0.174430144856549
"146","LU01",118,2.22841198715869,0.0730954,"2022-07-01","10:20:00","summer",6.36314753978987,6.00066763654926,-0.362479903240608,-4.95899746414423,2.07912520956114
"147","LU01",118,2.22841198715869,0.0730954,"2022-02-28","12:00:00","winter",1.73,2.351,0.621,8.49574665437223,2.07912520956114
"148","LU02",119,0.0121116394488403,0.0008463,"2022-07-01","13:30:00","summer",7.88293466453674,6.56610603349631,-1.31682863104044,-1555.98325775782,532.870441842183
"149","LU02",119,0.0121116394488403,0.0008463,"2022-02-28","13:45:00","winter",1.429,1.48,0.0509999999999999,60.2623183268343,532.870441842183
"150","LW02",5,1.10985576029378,0.00468818,"2022-07-04","09:30:00","summer",5.893,5.361,-0.532,-113.476871621823,2.99228072584939
"151","LW02",5,1.10985576029378,0.00468818,"2022-03-30","11:30:00","winter",2.572,3.11,0.538,114.756685963423,2.99228072584939
"152","LY01",124,0.0518749302910186,0.00043087,"2022-07-11","16:30:00","summer",2.409,3.18,0.771,1789.40283612226,21.8024389364012
"153","LY01",124,0.0518749302910186,0.00043087,"2022-03-18","16:30:00","winter",1.278,1.267,-0.0110000000000001,-25.5297421496045,21.8024389364012
"154","MAED01",7,0.24962389152359,0.00088164,"2022-07-04","11:30:00","summer",4.194,5.792,1.598,1812.5311918697,9.71862102298304
"155","MAED01",7,0.24962389152359,0.00088164,"2022-01-06","12:00:00","winter",1.768,1.798,0.03,34.027494215326,9.71862102298304
"156","MD01",145,0.674545468221775,0.02313672,"2022-07-06","10:30:00","summer",2.56767974844097,2.12578142902442,-0.441898319416552,-19.0994367143032,1.89265187980068
"157","MD01",145,0.674545468221775,0.02313672,"2022-04-27","14:42:00","winter",1.291,1.557,0.266,11.4968759616748,1.89265187980068
"158","MKEM01",126,1.78295007783907,0.00124402,"2022-07-18","10:15:00","summer",1.90250129058278,1.60231903704451,-0.300182253538266,-241.300182905633,0.637315258966742
"159","MKEM01",126,1.78295007783907,0.00124402,"2022-03-22","12:30:00","winter",0.7662,0.8176,0.0514,41.3176637031559,0.637315258966742
"160","MO03",150,1.52783281863057,0.01592915,"2022-08-04","10:40:00","summer",4.896,6.83,1.934,121.412630303563,1.83462481353974
"161","MO03",150,1.52783281863057,0.01592915,"2022-04-30","13:30:00","winter",2.093,2.306,0.213,13.3717116104751,1.83462481353974
"162","MS03",11,1.52158234256997,0.04046804,"2022-07-04","16:30:00","summer",3.554,3.44,-0.114,-2.81703784023145,1.15274734132198
"163","MS03",11,1.52158234256997,0.04046804,"2022-02-23","14:00:00","winter",1.8,1.93,0.13,3.21241157219376,1.15274734132198
"164","MUE01",143,1.21946756867105,0.00054745,"2022-07-05","15:00:00","summer",5.24852955290138,4.61514196173766,-0.633387591163725,-1156.97797271664,3.32237581136877
"165","MUE01",143,1.21946756867105,0.00054745,"2022-04-18","16:10:00","winter",1.197,1.135,-0.062,-113.252351812951,3.32237581136877
"166","MUE01_3",77,0.219007344610273,0.01119158,"2022-07-20","14:15:00","summer",0.8344,1.987,1.1526,102.988139297579,-0.346107114055409
"167","MUE01_3",77,0.219007344610273,0.01119158,"2022-03-14","15:30:00","winter",0.9102,0.8913,-0.0189,-1.68876959285463,-0.346107114055409
"168","MUE01_6",76,0.414631030843883,0.01474185,"2022-07-20","13:00:00","summer",0.8494,0.8156,-0.0338,-2.29279228862049,-0.384920539292903
"169","MUE01_6",76,0.414631030843883,0.01474185,"2022-03-14","16:30:00","winter",1.009,1.138,0.129,8.75059778793028,-0.384920539292903
"170","MUE02",75,0.240510732783058,0.00992913,"2022-07-20","12:30:00","summer",0.7592,0.8152,0.056,5.63997047072604,-0.869399870768384
"171","MUE02",75,0.240510732783058,0.00992913,"2022-03-15","08:30:00","winter",0.9683,0.9145,-0.0538000000000001,-5.41840020223324,-0.869399870768384
"172","MUE03",74,16.1381361929632,0.0109194,"2022-07-20","11:45:00","summer",1.586,0.835,-0.751,-68.7766727109548,-0.0430656918302031
"173","MUE03",74,16.1381361929632,0.0109194,"2022-03-15","10:30:00","winter",2.281,2.25,-0.0310000000000001,-2.83898382695021,-0.0430656918302031
"174","MUE03_B",144,0.762716399704237,0.00083825,"2022-07-05","13:50:00","summer",3.61350577106014,4.07013403445724,0.456628263397103,544.739950369345,3.48557572918459
"175","MUE03_B",144,0.762716399704237,0.00083825,"2022-04-18","15:24:00","winter",0.955,1.093,0.138,164.628690724724,3.48557572918459
"176","MUE05_1",73,4.23190457534977,0.10678293,"2022-07-20","10:15:00","summer",1.887,0.72,-1.167,-10.928713044304,-0.0231574219728006
"177","MUE05_1",73,4.23190457534977,0.10678293,"2022-03-15","13:00:00","winter",1.985,1.67,-0.315,-2.9499096906219,-0.0231574219728006
"178","MUE05_14",72,0.156295897109631,0.0312838,"2022-07-20","09:30:00","summer",0.6084,0.667,0.0586,1.87317397502861,-5.8005361418034
"179","MUE05_14",72,0.156295897109631,0.0312838,"2022-03-15","15:30:00","winter",1.515,1.784,0.269,8.59869964646239,-5.8005361418034
"180","MUE05_17",71,4.40965982740308,0.04279341,"2022-07-20","09:00:00","summer",0.6209,1.506,0.8851,20.6830911581947,-0.348802415651597
"181","MUE05_17",71,4.40965982740308,0.04279341,"2022-03-15","16:30:00","winter",2.159,1.984,-0.175,-4.08941470193658,-0.348802415651597
"182","MUH01",9,0.583564842508261,9.388e-05,"2022-07-04","14:15:00","summer",3.743,5.438,1.695,18054.9637835535,1.76158658835834
"183","MUH01",9,0.583564842508261,9.388e-05,"2022-02-20","13:22:00","winter",2.715,2.326,-0.389,-4143.58755858543,1.76158658835834
"184","NAB01",8,2.24672065429957,0.02541065,"2022-07-04","12:15:00","summer",5.222,5.511,0.289,11.3731840783294,1.24136482862819
"185","NAB01",8,2.24672065429957,0.02541065,"2022-01-07","12:00:00","winter",2.433,2.169,-0.264,-10.3893446251867,1.24136482862819
"186","NB01",61,23.1438239745905,0.00259061,"2022-07-15","15:00:00","summer",2.211,2.247,0.036,13.8963410162085,0.00155549057232393
"187","NB01",61,23.1438239745905,0.00259061,"2022-04-20","14:20:00","winter",2.175,2.35,0.175,67.5516577176804,0.00155549057232393
"188","NB04",91,23.1364011345056,0.04132442,"2022-07-25","15:30:00","summer",4.892,4.696,-0.196000000000001,-4.74295827987425,0.0521256522563215
"189","NB04",91,23.1364011345056,0.04132442,"2022-04-20","11:45:00","winter",3.686,3.8,0.114,2.75865940768195,0.0521256522563215
"190","NI01",151,1.04992076130106,0.00617887,"2022-07-26","11:00:00","summer",3.835,6.193,2.358,381.62317705341,-0.950547923981692
"191","NI01",151,1.04992076130106,0.00617887,"2022-04-27","18:00:00","winter",4.833,4.096,-0.737,-119.277473065463,-0.950547923981692
"192","PF02",57,0.209748141181554,0.00266407,"2022-07-14","15:30:00","summer",0.785,0.8779,0.0929,34.8714560803582,-1.39691345224549
"193","PF02",57,0.209748141181554,0.00266407,"2022-01-27","14:35:00","winter",1.078,1.012,-0.0660000000000001,-24.7741238030533,-1.39691345224549
"194","PGL03",133,2.30963426359679,0.00148944,"2022-07-13","13:30:00","summer",2.307,1.625,-0.682,-457.890213771619,0.356766442630092
"195","PGL03",133,2.30963426359679,0.00148944,"2022-03-24","15:30:00","winter",1.483,1.483,0,0,0.356766442630092
"196","PL01",138,2.31781803690524,0.00829348,"2022-07-13","15:30:00","summer",1.757,2.018,0.261,31.4705045409165,-0.0539300316114981
"197","PL01",138,2.31781803690524,0.00829348,"2022-03-10","13:00:00","winter",1.882,1.922,0.04,4.82306583002551,-0.0539300316114981
"198","PR01",121,2.28067463984613,0.05142001,"2022-07-27","16:00:00","summer",0.6977,1.449,0.7513,14.6110434439822,0.0349019533997933
"199","PR01",121,2.28067463984613,0.05142001,"2022-03-02","14:00:00","winter",0.6181,0.5763,-0.0418,-0.812913105228879,0.0349019533997933
"200","RÃœB01",161,4.04818231524471,0.00175568,"2022-07-05","11:00:00","summer",5.67569792833738,7.0455827185287,1.36988479019131,780.258811509677,0.100464331066768
"201","RÃœB01",161,4.04818231524471,0.00175568,"2022-04-25","14:30:00","winter",5.269,5.603,0.334,190.239679212613,0.100464331066768
"202","RÃœB02",162,3.41356031547023,0.00091897,"2022-07-05","10:00:00","summer",5.425288880668,5.57258832047352,0.147299439805518,160.287539098684,-0.218748476758389
"203","RÃœB02",162,3.41356031547023,0.00091897,"2022-04-25","17:00:00","winter",6.172,6.105,-0.0669999999999993,-72.907711894838,-0.218748476758389
"204","RBK01",66,0.696443521698916,0.00108359,"2022-07-19","13:00:00","summer",0.6766,0.8146,0.138,127.354442178315,-0.0542757579362503
"205","RBK01",66,0.696443521698916,0.00108359,"2022-03-07","15:00:00","winter",0.7144,0.7207,0.00629999999999997,5.81400714292303,-0.0542757579362503
"206","RBK07",68,1.31905539697349,0.0013573,"2022-07-19","14:45:00","summer",6.509,6.508,-0.00100000000000033,-0.736756796581692,-7.13465107045018
"207","RBK07",68,1.31905539697349,0.0013573,"2022-03-16","11:00:00","winter",15.92,15.1,-0.82,-604.140573196788,-7.13465107045018
"208","RBK08",67,0.032965713730763,0.00958227,"2022-07-19","14:30:00","summer",10.13,55.5,45.37,4734.78622497592,6.6432658424633
"209","RBK08",67,0.032965713730763,0.00958227,"2022-03-16","13:30:00","winter",9.911,24.31,14.399,1502.67107898233,6.6432658424633
"210","RDC01",152,0.25270240492453,0.01581641,"2022-07-13","11:45:00","summer",3.241,4.261,1.02,64.4899822399647,-5.21562111921184
"211","RDC01",152,0.25270240492453,0.01581641,"2022-04-29","10:15:00","winter",4.559,5.181,0.622,39.3262440718216,-5.21562111921184
"212","RH05",81,6.53241855236713,0.00708611,"2022-07-21","12:30:00","summer",2.145,5.044,2.899,409.110217030218,0.132569582468991
"213","RH05",81,6.53241855236713,0.00708611,"2022-03-04","16:00:00","winter",1.279,1.388,0.109,15.3822054695736,0.132569582468991
"214","RH09",82,6.4207558192525,0.0271861,"2022-07-21","11:30:00","summer",1.63,0.7777,-0.8523,-31.3505798919301,-0.00233617356309096
"215","RH09",82,6.4207558192525,0.0271861,"2022-03-10","09:05:00","winter",1.645,0.9531,-0.6919,-25.4505059570884,-0.00233617356309096
"216","RH11",83,10.721514236397,0.0178268,"2022-07-21","10:00:00","summer",1.476,3.534,2.058,115.444162721296,-0.0108193672500296
"217","RH11",83,10.721514236397,0.0178268,"2022-03-10","11:10:00","winter",1.592,1.591,-0.00100000000000011,-0.0560953171629294,-0.0108193672500296
"218","RIB01",16,0.644813671772498,0.00312492,"2022-07-05","14:45:00","summer",1.389,2.263,0.874,279.687159991296,-0.0403217256987276
"219","RIB01",16,0.644813671772498,0.00312492,"2022-02-25","09:25:00","winter",1.415,1.345,-0.0700000000000001,-22.4005734546805,-0.0403217256987276
"220","RM02_1",153,9.61320874787132,0.00114401,"2022-07-29","11:10:00","summer",1.907,1.952,0.0449999999999999,39.3353204954501,0.0399450391717573
"221","RM02_1",153,9.61320874787132,0.00114401,"2022-04-28","09:45:00","winter",1.523,1.47,-0.0529999999999999,-46.3282663613079,0.0399450391717573
"222","RM02_2",154,10.1299230838625,0.00235156,"2022-07-29","11:00:00","summer",1.956,2.138,0.182,77.3954311180663,0.0438305401062043
"223","RM02_2",154,10.1299230838625,0.00235156,"2022-04-28","09:20:00","winter",1.512,1.489,-0.0229999999999999,-9.7807412951402,0.0438305401062043
"224","ROG02",111,0.570678450885816,0.00134533,"2022-07-08","12:10:00","summer",1.29414081632653,1.54416997084548,0.25002915451895,185.849683363153,0.313908499696221
"225","ROG02",111,0.570678450885816,0.00134533,"2022-01-27","12:50:00","winter",1.115,1.131,0.016,11.8929927973062,0.313908499696221
"226","RU01",134,1.22634092437381,0.00161551,"2022-07-14","11:30:00","summer",2.045,2.042,-0.00300000000000011,-1.85699871867095,0.492522093975142
"227","RU01",134,1.22634092437381,0.00161551,"2022-03-10","18:00:00","winter",1.441,1.502,0.0609999999999999,37.7589739463079,0.492522093975142
"228","RU02",135,0.167920142342801,0.00067891,"2022-07-14","12:30:00","summer",1.676,1.607,-0.069,-101.633500758569,2.69771090995875
"229","RU02",135,0.167920142342801,0.00067891,"2022-03-10","15:00:00","winter",1.223,1.22,-0.00300000000000011,-4.41884785906837,2.69771090995875
"230","SA01",136,0.101454247827606,0.03061371,"2022-07-04","12:00:00","summer",7.61432222222222,7.94410930134235,0.329787079120131,10.7725290113525,58.0589019025721
"231","SA01",136,0.101454247827606,0.03061371,"2022-03-09","14:30:00","winter",1.724,2.014,0.29,9.47287996129839,58.0589019025721
"232","SA04",163,3.42749380930517,0.00183183,"2022-07-06","13:00:00","summer",2.9644301711918,2.3255110787172,-0.638919092474599,-348.787328777561,0.300053108308979
"233","SA04",163,3.42749380930517,0.00183183,"2022-02-08","08:45:00","winter",1.936,2.288,0.352,192.15756920675,0.300053108308979
"234","SAR03",85,7.78587618353543,0.00571409,"2022-07-21","13:45:00","summer",1.286,1.375,0.089,15.5755334620211,0.00359625549391741
"235","SAR03",85,7.78587618353543,0.00571409,"2022-03-15","16:00:00","winter",1.258,1.103,-0.155,-27.1259290630704,0.00359625549391741
"236","SB02_TG",25,13.0164980635936,0.00580879,"2022-07-07","09:45:00","summer",4.871,4.99,0.119,20.4861941987918,0.014443208847841
"237","SB02_TG",25,13.0164980635936,0.00580879,"2022-04-03","12:00:00","winter",4.683,4.77,0.0869999999999997,14.9773016411335,0.014443208847841
"238","SB02_ZH",6,1.0503592319342,0.02760147,"2022-07-04","10:30:00","summer",6.015,7.011,0.996,36.085034601418,3.25793299659823
"239","SB02_ZH",6,1.0503592319342,0.02760147,"2022-02-20","15:50:00","winter",2.593,1.965,-0.628,-22.7524113751913,3.25793299659823
"240","SBAB02",22,20.4439740113501,0.00027443,"2022-07-06","16:00:00","summer",3.106,3.929,0.823,2998.94326422038,0.0692624633162742
"241","SBAB02",22,20.4439740113501,0.00027443,"2022-01-29","13:30:00","winter",1.69,1.841,0.151,550.231388696571,0.0692624633162742
"242","SBAB03",23,25.7697176918052,0.00165321,"2022-07-06","17:00:00","summer",3.898,2.636,-1.262,-763.363396059787,0.086108820691724
"243","SBAB03",23,25.7697176918052,0.00165321,NA,NA,"winter",1.679,1.7,0.0209999999999999,12.702560473261,0.086108820691724
"244","SCHWB02",92,0.403290009513597,0.07784853,"2022-07-25","16:15:00","summer",1.801,3.44,1.639,21.0537051887813,-2.78211702132971
"245","SCHWB02",92,0.403290009513597,0.07784853,"2022-03-14","16:30:00","winter",2.923,1.971,-0.952,-12.2288757411347,-2.78211702132971
"246","SE03",44,9.87569082554236,0.0243072,"2022-07-11","15:15:00","summer",3.192,3.914,0.722,29.7031332280147,0.106220417237737
"247","SE03",44,9.87569082554236,0.0243072,"2022-04-30","11:10:00","winter",2.143,2.231,0.0880000000000001,3.62032648762507,0.106220417237737
"248","SE06",146,8.21784467577867,0.00659053,"2022-07-25","12:30:00","summer",1.917,2.478,0.561,85.1221373698322,-0.20455485182807
"249","SE06",146,8.21784467577867,0.00659053,"2022-04-22","15:35:00","winter",3.598,3.388,-0.21,-31.863901689242,-0.20455485182807
"250","SE17",131,0.183792946951121,0.00044037,"2022-07-12","11:00:00","summer",1.567,1.393,-0.174,-395.122283534301,-8.15047598316374
"251","SE17",131,0.183792946951121,0.00044037,"2022-03-24","09:00:00","winter",3.065,3.117,0.052,118.082521515998,-8.15047598316374
"252","SF01",155,1.13019625460171,0.03814617,"2022-07-21","12:00:00","summer",9.25128935269207,8.47847225247026,-0.772817100221816,-20.2593628723884,6.25757634914867
"253","SF01",155,1.13019625460171,0.03814617,"2022-04-30","14:40:00","winter",2.179,4.674,2.495,65.406304223989,6.25757634914867
"254","SG01",65,4.33691717791532,0.00606531,"2022-07-19","12:00:00","summer",3.143,4.345,1.202,198.176185553583,0.0345867799283412
"255","SG01",65,4.33691717791532,0.00606531,"2022-03-07","16:00:00","winter",2.993,2.969,-0.024,-3.95692882968884,0.0345867799283412
"256","SG02",156,1.93700221183632,0.00454827,"2022-07-28","13:30:00","summer",5.795,5.503,-0.292,-64.2002343748282,1.54052482840022
"257","SG02",156,1.93700221183632,0.00454827,"2022-04-27","08:30:00","winter",2.811,3.511,0.7,153.904671446506,1.54052482840022
"258","SG03_1",157,2.65975450048461,0.01287539,"2022-07-28","14:30:00","summer",5.488,5.309,-0.179,-13.9024914973449,0.906850613303044
"259","SG03_1",157,2.65975450048461,0.01287539,"2022-04-27","09:30:00","winter",3.076,2.941,-0.135,-10.4851192857071,0.906850613303044
"260","SG03_2",158,2.69156055358879,0.00055153,"2022-07-28","14:50:00","summer",3.472,3.956,0.484,877.558790999583,0.122976984321851
"261","SG03_2",158,2.69156055358879,0.00055153,"2022-04-27","10:40:00","winter",3.141,2.763,-0.378,-685.366163218683,0.122976984321851
"262","SIM03",69,0.138746739026145,0.0198673,"2022-07-19","18:30:00","summer",3.025,3.226,0.201,10.1171271385644,-10.3642075488998
"263","SIM03",69,0.138746739026145,0.0198673,"2022-03-16","09:00:00","winter",4.463,4.002,-0.461,-23.2039582630755,-10.3642075488998
"264","SU01",14,3.76060199057878,0.00227614,"2022-07-05","12:30:00","summer",0.9466,1.186,0.2394,105.178064618169,-0.0155294285718898
"265","SU01",14,3.76060199057878,0.00227614,"2022-02-25","14:00:00","winter",1.005,0.9632,-0.0418,-18.3644239809502,-0.0155294285718898
"266","SU03",15,0.347832898186587,0.00074925,"2022-07-05","13:45:00","summer",0.709,1.244,0.535,714.047380714047,-1.42884701990838
"267","SU03",15,0.347832898186587,0.00074925,"2022-02-25","13:00:00","winter",1.206,1.188,-0.018,-24.024024024024,-1.42884701990838
"268","SU05",62,9.06675438661272,0.00363944,"2022-07-18","11:30:00","summer",0.984,1.637,0.653,179.423207966061,-0.0673890538936575
"269","SU05",62,9.06675438661272,0.00363944,"2022-02-25","12:00:00","winter",1.595,1.693,0.0980000000000001,26.9272195722419,-0.0673890538936575
"270","SZ03",3,0.183941695596231,2.413e-05,"2022-07-01","12:45:00","summer",8.649,8.379,-0.270000000000001,-11189.3907998343,35.9244269146304
"271","SZ03",3,0.183941695596231,2.413e-05,"2022-01-31","11:15:00","winter",2.041,1.895,-0.146,-6050.55946953999,35.9244269146304
"272","TB01",88,0.495226156460361,0.0027303,"2022-07-22","15:00:00","summer",3.748,3.848,0.0999999999999996,36.6260117935756,1.33272443587666
"273","TB01",88,0.495226156460361,0.0027303,NA,NA,"winter",3.088,3.122,0.0339999999999998,12.4528440098157,1.33272443587666
"274","TB03",86,0.371107810077133,0.00438235,"2022-07-22","11:15:00","summer",2.365,4.386,2.021,461.168094743688,-0.630544530850386
"275","TB03",86,0.371107810077133,0.00438235,"2022-03-12","14:30:00","winter",2.599,2.519,-0.0800000000000001,-18.2550458087556,-0.630544530850386
"276","TBG01",36,0.229298874003489,0.046807,"2022-07-08","15:45:00","summer",5.782,11.86,6.078,129.852372508386,10.1396049592665
"277","TBG01",36,0.229298874003489,0.046807,"2022-03-04","10:17:00","winter",3.457,3.193,-0.264,-5.64018202405623,10.1396049592665
"278","TG02",21,7.82878081775661,0.04274679,"2022-07-06","15:00:00","summer",4.588,4.415,-0.173,-4.04708751230209,0.344753552670468
"279","TG02",21,7.82878081775661,0.04274679,"2022-03-27","17:35:00","winter",1.889,1.958,0.069,1.61415629103378,0.344753552670468
"280","TG02_17",97,1.26212281308654,0.07506285,"2022-07-25","15:30:00","summer",1.162,1.607,0.445,5.92836536315901,-0.323661054030873
"281","TG02_17",97,1.26212281308654,0.07506285,"2022-07-25","15:30:00","summer",1.162,1.607,0.445,5.92836536315901,-0.323661054030873
"282","TG02_17",96,1.26212281308654,0.00066513,"2022-07-25","14:45:00","summer",1.581,1.319,-0.262,-393.907957842828,-0.323661054030873
"283","TG02_17",96,1.26212281308654,0.00066513,"2022-07-25","14:45:00","summer",1.581,1.319,-0.262,-393.907957842828,-0.323661054030873
"284","TG02_17",96,1.26212281308654,0.00066513,"2022-03-08","15:45:00","winter",1.124,1.105,-0.0190000000000001,-28.5658442710449,-0.323661054030873
"285","TG02_17",97,1.26212281308654,0.07506285,"2022-03-19","13:00:00","winter",2.436,1.216,-1.22,-16.2530466136045,-0.323661054030873
"286","TG02_B",105,1.07141263667632,0.00127289,"2022-06-15","12:40:00","summer",5.78196022364217,5.10432460438999,-0.677635619252178,-532.359920536871,1.82652337358364
"287","TG02_B",105,1.07141263667632,0.00127289,"2022-02-17","18:20:00","winter",3.825,3.883,0.0579999999999998,45.5656026836567,1.82652337358364
"288","TH06",34,0.0185416489172704,0.00142781,"2022-07-08","12:00:00","summer",8.41,9.307,0.897,628.23484917461,208.179974565512
"289","TH06",34,0.0185416489172704,0.00142781,"2021-12-28","15:30:00","winter",4.55,4.601,0.0510000000000002,35.719038247386,208.179974565512
"290","TH18_1",29,0.648898929499497,0.01275626,"2022-07-07","14:30:00","summer",3.847,3.821,-0.0259999999999998,-2.03821496269281,1.7968900039631
"291","TH18_1",29,0.648898929499497,0.01275626,"2022-03-08","10:30:00","winter",2.681,2.191,-0.49,-38.4125127584417,1.7968900039631
"292","TH18_2",30,0.0356805757860235,0.01685116,"2022-07-07","15:00:00","summer",1.852,2.663,0.811,48.1272505869032,4.42817966132404
"293","TH18_2",30,0.0356805757860235,0.01685116,"2022-03-08","09:30:00","winter",1.694,1.857,0.163,9.6729245939152,4.42817966132404
"294","TH19",31,16.8147700903769,0.00102235,"2022-07-08","09:45:00","summer",3.841,3.666,-0.175,-171.174255391989,0.0754098922069519
"295","TH19",31,16.8147700903769,0.00102235,"2022-03-08","09:00:00","winter",2.573,2.541,-0.032,-31.300435271678,0.0754098922069519
"296","TOBB02",28,0.613757079181041,0.00379767,"2022-07-07","13:00:00","summer",2.66,3.474,0.814,214.341951775694,0.61587884331107
"297","TOBB02",28,0.613757079181041,0.00379767,"2022-03-23","10:00:00","winter",2.282,2.127,-0.155,-40.8144994167476,0.61587884331107
"298","TT001",159,1.15295397565986,0.03130083,"2022-07-26","15:00:00","summer",1.84,2.663,0.823,26.2932324797777,-0.253262494569987
"299","TT001",159,1.15295397565986,0.03130083,"2022-04-30","16:40:00","winter",2.132,2.075,-0.0569999999999999,-1.82103797247549,-0.253262494569987
"300","TT01",142,0.251982429677601,0.00018601,"2022-07-14","14:20:00","summer",2.183,1.511,-0.672,-3612.7089941401,-3.24228955584447
"301","TT01",142,0.251982429677601,0.00018601,"2022-04-14","07:50:00","winter",3,2.859,-0.141,-758.023762163324,-3.24228955584447
"302","UKT03",123,0.0151997204638629,0.00023079,"2022-07-07","17:20:00","summer",2.18944816268673,3.11268767572138,0.923239513034652,4000.3445254762,72.5308182678612
"303","UKT03",123,0.0151997204638629,0.00023079,"2022-03-15","15:30:00","winter",1.087,1.142,0.0549999999999999,238.311885263659,72.5308182678612
"304","VE07",160,4.14932877288855,0.00456199,"2022-07-29","10:00:00","summer",1.548,2.634,1.086,238.054007132852,-0.0713368393302659
"305","VE07",160,4.14932877288855,0.00456199,"2022-04-28","10:30:00","winter",1.844,2.308,0.464,101.709999364313,-0.0713368393302659
"306","VWK04",84,1.42464250540607,0.00463633,"2022-07-21","14:45:00","summer",0.9163,1.311,0.3947,85.131990173262,0.25094014719019
"307","WBK01",70,0.378002159964163,0.00052028,"2022-07-19","17:30:00","summer",0.7835,0.5533,-0.2302,-442.45406319674,-3.1573893654818
"308","WBK01",70,0.378002159964163,0.00052028,"2022-03-16","08:00:00","winter",1.977,2.026,0.0489999999999997,94.180056892442,-3.1573893654818
"309","WOB01",122,0.630148213887483,0.00092693,"2022-07-07","18:40:00","summer",2.8428643659361,2.43257977319812,-0.41028459273798,-442.627375031534,1.02811426210244
"310","WOB01",122,0.630148213887483,0.00092693,"2022-03-15","14:00:00","winter",2.195,3.37,1.175,1267.6253870303,1.02811426210244
"311","WUE01",139,0.26137933618156,0.00309479,"2022-07-12","12:15:00","summer",1.748,1.599,-0.149,-48.1454315155471,2.62453799914577
"312","WUE01",139,0.26137933618156,0.00309479,"2022-04-10","16:25:00","winter",1.062,1.17,0.108,34.8973597562355,2.62453799914577
"313","WY02",55,17.0341633301974,0.00397777,"2022-07-14","14:00:00","summer",2.188,2.478,0.29,72.9051704849702,0.0110953497589723
"314","WY02",55,17.0341633301974,0.00397777,"2022-01-21","14:30:00","winter",1.999,2.194,0.195,49.0224422226524,0.0110953497589723
"315","ZH01",26,0.00998255846748516,0.00038107,"2022-07-07","10:45:00","summer",3.616,3.806,0.19,498.596058466948,-673.574817708424
"316","ZH01",26,0.00998255846748516,0.00038107,"2022-04-03","12:00:00","winter",10.34,9.707,-0.632999999999999,-1661.11213162936,-673.574817708424
"317","ZW01",41,0.579434765921923,0.00057431,"2022-07-11","11:30:00","summer",2.186,2.319,0.133,231.582246521913,0.293389368395107
"318","ZW01",41,0.579434765921923,0.00057431,"2022-03-27","11:45:00","winter",2.016,1.955,-0.0609999999999999,-106.214413818321,0.293389368395107
"319","ZW02",42,2.1545694739573,0.15447778,"2022-07-11","12:15:00","summer",1.836,1.575,-0.261,-1.68956337927694,-0.125315058652572
"320","ZW02",42,2.1545694739573,0.15447778,"2022-02-06","14:10:00","winter",2.106,1.494,-0.612,-3.96173482037352,-0.125315058652572
