"site","p_sink","p_rope","p_source","med","lo","hi","class"
"2655600_1244700",0,0.9935,0.0065,0.165845497982528,-0.0214689077049837,0.375565589524112,"negligible"
"AA02_1",0,1,0,0.0604373347738488,-0.129278248120638,0.259806390751123,"negligible"
"AA02_3",0,0.9975,0.0025,0.116050921100738,-0.10319969778463,0.317936243824787,"negligible"
"AA03_1",0,0.996,0.004,0.12737373666898,-0.0880321757276586,0.324793201713763,"negligible"
"AA03_2",0,0.998,0.002,0.106230530000339,-0.114811183890138,0.309121191746265,"negligible"
"AA06",0,0.9995,5e-04,0.0816854748921631,-0.126400567303972,0.275143464968781,"negligible"
"AA07",0,0.9975,0.0025,0.13468159272321,-0.0583785517843122,0.330944954727405,"negligible"
"AB01",0,0.9965,0.0035,0.0860866488365229,-0.10419434072901,0.289502703440746,"negligible"
"ABB02",0,0.994,0.006,0.145746454956726,-0.0489651892976562,0.372709177900482,"negligible"
"AEB01",0,0.996,0.004,0.151705235441607,-0.050845195663166,0.342671581407979,"negligible"
"AEG01_1",0,1,0,-0.0316159746858767,-0.234947246052135,0.187913286301101,"negligible"
"AEG01_1_B",0,0.9945,0.0055,0.131125187573516,-0.0749461346164859,0.365591098929935,"negligible"
"AEG01_2",0,0.9985,0.0015,0.089075693475637,-0.114592247520099,0.290450712078802,"negligible"
"AEG01_2_B",0.0015,0.9985,0,-0.0459696522850944,-0.241176857521949,0.154854427923422,"negligible"
"AG01",0,0.998,0.002,0.0854948645492431,-0.103380191182974,0.309921411669645,"negligible"
"AGWI01",0,1,0,0.0391765041740267,-0.176201878826552,0.239093701630335,"negligible"
"AL01",0,0.9845,0.0155,0.182028121035605,-0.019130896464373,0.411720869151998,"negligible"
"AM01",0.0025,0.9975,0,-0.111700072612508,-0.328536191436005,0.135698830184513,"negligible"
"AP03",0,0.997,0.003,0.0637842423061971,-0.126992586346624,0.291640608975679,"negligible"
"AR03",0,1,0,0.00571580492864416,-0.182869928467283,0.209836788737935,"negligible"
"ATB10_2",5e-04,0.998,0.0015,0.0683275848741702,-0.139667030788225,0.274705682383189,"negligible"
"ATB10_3",0,1,0,0.0117491293416844,-0.202313525530681,0.200240424952186,"negligible"
"BBN01",0,0.9845,0.0155,0.168610211838199,-0.0350116711547251,0.401583537309451,"negligible"
"BBS02",0,0.9995,5e-04,0.0937700144455949,-0.100768243458336,0.281773642013236,"negligible"
"BF01",0,0.9945,0.0055,0.127243731512009,-0.0871568910021511,0.341460460691358,"negligible"
"BI01",0,0.9985,0.0015,0.0867344973269357,-0.0982792147453313,0.289657454192986,"negligible"
"BI02",0,0.9845,0.0155,0.171754919746661,-0.02259938526208,0.420030375170808,"negligible"
"BIB02",0,0.999,0.001,0.0812374737359874,-0.119544048425651,0.279886095018214,"negligible"
"Biber",5e-04,0.9995,0,-0.0504331481501026,-0.2600444169466,0.149523433276269,"negligible"
"BK02",5e-04,0.9995,0,-0.0359992252023688,-0.254858097636772,0.163728943504216,"negligible"
"BM03",0,0.9995,5e-04,0.0123675163173114,-0.208208641010158,0.20170592514167,"negligible"
"BR01",0,1,0,-0.0327718684194643,-0.244392558388186,0.165708704764319,"negligible"
"BY01",0.0115,0.9885,0,-0.11902218617436,-0.356898403115735,0.106121208969891,"negligible"
"CA01",0,0.998,0.002,0.0806437737531826,-0.113106086129174,0.292233367950388,"negligible"
"CB01",0.005,0.995,0,-0.112390258297827,-0.344386845427923,0.103169281789915,"negligible"
"CDS02",0,0.978,0.022,0.245461641394856,0.0378720157001308,0.452622298225312,"negligible"
"CH02",0,0.9985,0.0015,0.0839890573436311,-0.102890263513455,0.275015890426371,"negligible"
"CH03",0,0.999,0.001,0.0373754393294999,-0.156171234665719,0.248384623643196,"negligible"
"CH04",0,0.9985,0.0015,0.0893305475882666,-0.106705770740807,0.292036210602506,"negligible"
"CHRB01",0,0.997,0.003,0.0794846351289262,-0.15131496716062,0.315230614087886,"negligible"
"Chriesbach",0,0.996,0.004,0.107879949382288,-0.0952387321413591,0.322815741045081,"negligible"
"Coruz",0.001,0.999,0,-0.0105912220342247,-0.227752811988095,0.200331927965377,"negligible"
"CR02",0,0.9985,0.0015,0.0807746876476474,-0.130129991182579,0.27747436337253,"negligible"
"CRA02",0.0015,0.998,5e-04,-0.0678397206206564,-0.283183131203858,0.141918813895469,"negligible"
"CRB01",0,1,0,0.0351234877321576,-0.179406308553044,0.229656418205301,"negligible"
"CX01",0,0.9945,0.0055,0.114275535019982,-0.0786059094307123,0.34356335104292,"negligible"
"CX03_2",0,0.9995,5e-04,0.00285132323753619,-0.206576775414716,0.192420875825957,"negligible"
"CX03_3",0,0.999,0.001,0.0791609801268818,-0.112332925661882,0.289544702492595,"negligible"
"CZ01_1",0,0.9995,5e-04,0.0720394632953715,-0.13742913969234,0.269441022643436,"negligible"
"CZ01_2",0,0.9935,0.0065,0.132480105002773,-0.0666618043513275,0.362319594149123,"negligible"
"DB04",0,0.9985,0.0015,0.0981544112252389,-0.0977905246850661,0.292545013552124,"negligible"
"DBW01",0,0.9985,0.0015,0.13031931774976,-0.0644410675712345,0.322486000018664,"negligible"
"EC01",0,1,0,0.0703349111109739,-0.132922784032719,0.260273362732074,"negligible"
"EG01",0,0.974,0.026,0.205920782553621,0.000667961334032782,0.459241935033801,"negligible"
"Ellikon",0,0.9985,0.0015,0.0544726549493085,-0.156264081671438,0.258196894957005,"negligible"
"FFG01",0.31,0.69,0,-0.404737904079988,-0.721593829932586,-0.0939733471680395,"negligible"
"FIB02",0,1,0,0.0331743619921615,-0.177905663897059,0.243572850057942,"negligible"
"FOB01_2",0,0.9985,0.0015,0.0276967361640075,-0.171730002668982,0.25725887637301,"negligible"
"FOB01_3",0,0.9985,0.0015,0.063728151926995,-0.146806932320665,0.276038789686636,"negligible"
"Gaebelbach",5e-04,0.9995,0,0.00864815881480433,-0.1996395335633,0.215366611418819,"negligible"
"GB08",0,0.9985,0.0015,0.0875994255919485,-0.105229618387255,0.29037591510531,"negligible"
"GB13",0,0.9825,0.0175,0.195324783528541,-0.0211574143887854,0.42001771457337,"negligible"
"GC01",5e-04,0.999,5e-04,-0.0144580854911374,-0.207290848033707,0.204600476870577,"negligible"
"GF04",0,1,0,0.0493047151494285,-0.148723621235142,0.241256047338619,"negligible"
"Gile",0,0.9985,0.0015,0.083042600311283,-0.121018582014633,0.297587733526226,"negligible"
"GL04_1",5e-04,0.999,5e-04,0.00217434180970791,-0.217213885011388,0.20887192488311,"negligible"
"GL04_2",0,1,0,0.0180047623029778,-0.172666870177585,0.237443623698666,"negligible"
"GR01",5e-04,0.998,0.0015,0.012333279597078,-0.197118864716414,0.255045132748182,"negligible"
"GS09",0,0.9935,0.0065,0.121671594347028,-0.0876642945322405,0.354391390320333,"negligible"
"GW02",0,0.999,0.001,0.0580189320300043,-0.132771893063602,0.265357627111368,"negligible"
"GW05",0.003,0.997,0,-0.00942145965993581,-0.242471592844609,0.191354308020987,"negligible"
"Haslibach",0.0015,0.9985,0,-0.0178108471212369,-0.265742298831712,0.217022758720775,"negligible"
"Hemishofen",0,1,0,0.0615262624596907,-0.145017836198287,0.291791318700467,"negligible"
"HEUD02",0,0.9965,0.0035,0.133661280456046,-0.0530981730158147,0.338043759897107,"negligible"
"HMK01",0,0.997,0.003,0.110337156720972,-0.0842298523766154,0.320769778023921,"negligible"
"HOB01",0,0.9995,5e-04,0.0671750672440945,-0.127052723498312,0.255321136417412,"negligible"
"HR05",5e-04,0.998,0.0015,0.118939863424744,-0.0844497159156236,0.319486828003085,"negligible"
"KP01",0,0.999,0.001,0.0411154586557469,-0.145649140183318,0.256487041891724,"negligible"
"LA04",0,1,0,0.0416654218075739,-0.152081426258569,0.255386807782811,"negligible"
"LAB01",0,0.999,0.001,-0.0233939022914242,-0.213657551791261,0.174537558429072,"negligible"
"LAN02",0,0.989,0.011,0.14071963501502,-0.0605333741959019,0.380921310530319,"negligible"
"Leugene",0,0.9765,0.0235,0.205719381589234,-0.0298533029140584,0.446545865037047,"negligible"
"LOCH01",0,0.998,0.002,0.14107720104512,-0.0530428714291186,0.331245066614009,"negligible"
"Logge",0.004,0.996,0,-0.109776920476429,-0.336818839660357,0.0936441922687856,"negligible"
"LU01",0,1,0,0.00339860342182861,-0.202551758086517,0.209439758334877,"negligible"
"LU02",0.002,0.998,0,-0.0732122166175898,-0.310551352485781,0.145366673832415,"negligible"
"LW02",5e-04,0.9995,0,-0.00265003772064096,-0.206098946292842,0.210250435378153,"negligible"
"LY01",0,0.995,0.005,0.150143035063085,-0.0502495771835087,0.357827721416459,"negligible"
"MAED01",0,0.997,0.003,0.0804940904326888,-0.119401145518398,0.304140870299849,"negligible"
"MD01",0,0.999,0.001,0.100423170482617,-0.111692398523925,0.299893236608217,"negligible"
"MKEM01",0,0.9995,5e-04,0.103079506679312,-0.105919687611184,0.291356214239651,"negligible"
"MO03",0,0.9975,0.0025,0.0731525852015317,-0.115210662982741,0.290051247246483,"negligible"
"MS03",0,1,0,0.0461640350271137,-0.15336127200282,0.245673764153473,"negligible"
"MUE01",5e-04,0.9995,0,0.0095150274601534,-0.193371037947554,0.209591617637707,"negligible"
"MUE01_3",0,0.7295,0.2705,0.382228763611552,0.041132486101634,0.690500454717199,"negligible"
"MUE01_6",0,0.7805,0.2195,0.311322226833701,-0.0307749457978487,0.689715907405596,"negligible"
"MUE02",0,0.9965,0.0035,0.135578704371352,-0.0760710896349242,0.346494596259895,"negligible"
"MUE03",0,1,0,0.0436016950165972,-0.177096550251302,0.2336219832048,"negligible"
"MUE03_B",0,0.9975,0.0025,0.112705830496076,-0.0865409403508965,0.330854568644816,"negligible"
"MUE05_1",0.0015,0.997,0.0015,0.0401433552274547,-0.204040221232874,0.237968686586792,"negligible"
"MUE05_14",0,0.9935,0.0065,0.148255687368718,-0.0511424076251639,0.372224501465497,"negligible"
"MUE05_17",0,0.9935,0.0065,0.159441411370203,-0.0407699630190818,0.368540011656766,"negligible"
"MUH01",0,0.999,0.001,0.0296146195591076,-0.18490575425051,0.243373920788375,"negligible"
"NAB01",0,1,0,-0.0140126018992424,-0.215243304414313,0.182935875791215,"negligible"
"NB01",0,0.998,0.002,0.1039275361425,-0.0833660945045697,0.295939252590945,"negligible"
"NB04",0,1,0,-0.0331568974566248,-0.230225968479883,0.174124182335888,"negligible"
"NI01",5e-04,0.999,5e-04,0.0103218249728196,-0.208817226282774,0.233305878536458,"negligible"
"Nider",5e-04,0.998,0.0015,0.0560770688638284,-0.168791620061519,0.298299911479843,"negligible"
"PF02",0,0.999,0.001,0.108617538398758,-0.0940239390956311,0.307976136800957,"negligible"
"PGL03",0,0.999,0.001,0.0549959875949194,-0.170800174132786,0.257268231631845,"negligible"
"PL01",0,0.998,0.002,0.104083208651805,-0.101168870281536,0.323256418278501,"negligible"
"PR01",0,0.931,0.069,0.280034277934164,0.0271237965785227,0.524459173232619,"negligible"
"R<U+00C3><U+0153>B01",0,0.9975,0.0025,0.00850336413881358,-0.21676291448683,0.25427811722754,"negligible"
"R<U+00C3><U+0153>B02",0,1,0,-0.0614163230577952,-0.270327480876186,0.160020825667361,"negligible"
"RBK01",0,0.9965,0.0035,0.156570519370642,-0.0427281751307078,0.346427013159625,"negligible"
"RBK07",0.238,0.762,0,-0.378294313276916,-0.668381743197229,-0.0746060496507938,"negligible"
"RBK08",0.099,0.901,0,-0.262158565926187,-0.571174865776551,0.0474818478248815,"negligible"
"RDC01",0,0.9935,0.0065,0.110535734047441,-0.0993452619699616,0.361253297918498,"negligible"
"RH05",5e-04,0.9945,0.005,0.118593762527948,-0.0831589952545323,0.339189974335293,"negligible"
"RH09",0.001,0.999,0,0.0274414029983138,-0.213989173738619,0.225427951436701,"negligible"
"RH11",0,0.9945,0.0055,0.129485259843643,-0.066931219672527,0.353447745917628,"negligible"
"RIB01",0,0.9935,0.0065,0.146655078657006,-0.0448029139863437,0.358875761448581,"negligible"
"Riedgrabe",0,0.996,0.004,0.0953788972110313,-0.127595955998169,0.332437267930611,"negligible"
"RIEGR02",0.0015,0.998,5e-04,-0.02277415557993,-0.272728937343033,0.227504008653022,"negligible"
"RM02_1",0,0.998,0.002,0.108130341912363,-0.0973926652114988,0.310594877489666,"negligible"
"RM02_2",0,0.9975,0.0025,0.114922720942026,-0.0834328503222383,0.307690090976384,"negligible"
"ROG02",0,0.997,0.003,0.125063621599473,-0.0762688720602353,0.321027614927206,"negligible"
"Rot",0,0.9995,5e-04,0.00394772496073249,-0.203257229875565,0.197541444515063,"negligible"
"RU01",0,1,0,0.0804019300118649,-0.117417961398136,0.294491050674527,"negligible"
"RU02",0,0.999,0.001,0.102187710120731,-0.0953403318306365,0.310844578904104,"negligible"
"SA01",0,0.9985,0.0015,0.000768235749351072,-0.198841956029169,0.225687547831373,"negligible"
"SA04",0,0.998,0.002,0.05425430105543,-0.152842419398741,0.264367422439723,"negligible"
"SAR03",0,0.9995,5e-04,0.0965187036662679,-0.0989321416734243,0.292992367800929,"negligible"
"SB02_TG",0,1,0,-0.0261248361551607,-0.221059476673608,0.168670971205972,"negligible"
"SB02_ZH",5e-04,0.9995,0,-0.0139484440159078,-0.226694428968186,0.220911556579961,"negligible"
"SBAB02",0,0.997,0.003,0.0905823559888731,-0.118111561497129,0.300552873769765,"negligible"
"SBAB03",0.001,0.9975,0.0015,0.0296568735694443,-0.192732819123018,0.234426217347273,"negligible"
"SCHWB02",0,0.9975,0.0025,0.0659134630131523,-0.160566599648553,0.278821878566879,"negligible"
"SE03",0,0.995,0.005,0.127715605381236,-0.0649397922962123,0.352455062770109,"negligible"
"SE06",0,0.999,0.001,0.0707205869555166,-0.123464968017667,0.276445941290009,"negligible"
"SE17",0,0.999,0.001,0.0686849808084312,-0.131269867855798,0.260548693909855,"negligible"
"SF01",0.004,0.996,0,-0.0926964020193276,-0.325298467484397,0.145847782449886,"negligible"
"SG01",5e-04,0.9955,0.004,0.0875911932815575,-0.124720165515553,0.317196625629215,"negligible"
"SG02",0,0.9995,5e-04,0.0242822002846783,-0.176520618561196,0.241472886038535,"negligible"
"SG03_1",0,1,0,-0.0306324186408636,-0.229028841313738,0.169184008703064,"negligible"
"SG03_2",0,0.9995,5e-04,0.0480374632218279,-0.146572412402193,0.251460363693315,"negligible"
"SIM03",0,1,0,0.00511505513113672,-0.209633182840723,0.203018521113844,"negligible"
"SU01",0,0.9955,0.0045,0.142811662818115,-0.055851213568202,0.329439144093248,"negligible"
"SU03",0,0.9965,0.0035,0.139322525336451,-0.0547001469822329,0.348482788610172,"negligible"
"SU05",0,0.996,0.004,0.153338048542423,-0.0449945654750327,0.360504942225028,"negligible"
"SZ03",0.002,0.998,0,-0.101838963338915,-0.319820188005418,0.108448043370395,"negligible"
"Talent",0,0.992,0.008,0.142151108628425,-0.0795112155854209,0.363289471140219,"negligible"
"TB01",0,0.9995,5e-04,0.0450605545518983,-0.161525512792539,0.252228606146002,"negligible"
"TB03",0,0.997,0.003,0.0793681247798198,-0.125166910239177,0.287114810891169,"negligible"
"TBG01",0.002,0.998,0,-0.0269074653456334,-0.261770944493243,0.177449936204289,"negligible"
"Tegel",0,1,0,-0.00965914484054395,-0.224170041577998,0.202868996749587,"negligible"
"TG02",5e-04,0.9995,0,0.0253454183496721,-0.173416199108616,0.216060989062688,"negligible"
"TG02_17",0,1,0,0.0964272820250074,-0.0482284980595391,0.232943915895098,"negligible"
"TG02_B",5e-04,0.9995,0,-0.0758367232171757,-0.289024292604273,0.123200234589994,"negligible"
"TH06",0.001,0.9975,0.0015,-0.0138350597016099,-0.273712646655065,0.268250478069062,"negligible"
"TH18_1",0,1,0,0.00514563938781857,-0.217262258485467,0.204253070322955,"negligible"
"TH18_2",0,0.986,0.014,0.172318338406209,-0.0289733175641192,0.40891250954813,"negligible"
"TH19",0,1,0,-0.00692059100408578,-0.206663114974811,0.198378216406288,"negligible"
"TOBB02",0,0.997,0.003,0.106546428598856,-0.0973608770530976,0.312266694193445,"negligible"
"TT001",0,0.9955,0.0045,0.134102353850866,-0.0603348322177954,0.349789051634878,"negligible"
"TT01",0,0.9995,5e-04,0.0292536974995884,-0.174632605401093,0.221082650685045,"negligible"
"UKT03",0,0.988,0.012,0.173272817890049,-0.0374746185954775,0.404407426054208,"negligible"
"VE07",0,0.9755,0.0245,0.210452933681278,0.0111511143732057,0.448295052840027,"negligible"
"VWK02",0,0.9925,0.0075,0.133567189040701,-0.10162225211925,0.365168779688921,"negligible"
"VWK03",5e-04,0.878,0.1215,0.223354033984816,-0.155599786543983,0.625435925294583,"negligible"
"VWK04",0,0.983,0.017,0.217238586924021,0.01458891838438,0.437580109960856,"negligible"
"WBK01",0,0.9975,0.0025,0.0953568833392019,-0.102967784805296,0.291350607584021,"negligible"
"Weierbach",0,0.959,0.041,0.233816596728514,0.00739062621384628,0.486386837789582,"negligible"
"WOB01",0,0.9965,0.0035,0.0679096949070552,-0.12885532961156,0.275185059877285,"negligible"
"WUE01",0,0.9985,0.0015,0.119230924904389,-0.0705455209766547,0.330342969368433,"negligible"
"WY02",0,0.999,0.001,0.0891122523461237,-0.100638039474097,0.283606883578766,"negligible"
"ZH01",0.007,0.993,0,-0.14583227452375,-0.369569716895782,0.0722563431340475,"negligible"
"ZW01",0,0.997,0.003,0.0946854152212228,-0.104168329228101,0.291065558159393,"negligible"
"ZW02",0,1,0,0.0127157751837744,-0.196251658388833,0.208403975039976,"negligible"
